year,comments_matching,theme,all_comments,share
2019,5,Health,48,0.10416666666666667
2020,17,Health,118,0.1440677966101695
2021,93,Health,540,0.17222222222222222
2022,180,Health,1121,0.16057091882247992
2019,4,Taste,48,0.08333333333333333
2020,22,Taste,118,0.1864406779661017
2021,68,Taste,540,0.1259259259259259
2022,138,Taste,1121,0.12310437109723461
2019,3,Environment,48,0.0625
2020,10,Environment,118,0.0847457627118644
2021,56,Environment,540,0.1037037037037037
2022,71,Environment,1121,0.06333630686886708
2019,9,Price,48,0.1875
2020,23,Price,118,0.19491525423728814
2021,165,Price,540,0.3055555555555556
2022,337,Price,1121,0.3006244424620874
